Method,Job,AnalyzeLaunchVariance,EvaluateOverhead,MaxAbsoluteError,MaxRelativeError,MinInvokeCount,MinIterationTime,OutlierMode,Affinity,EnvironmentVariables,Jit,LargeAddressAware,Platform,PowerPlanMode,Runtime,AllowVeryLargeObjects,Concurrent,CpuGroups,Force,HeapAffinitizeMask,HeapCount,NoAffinitize,RetainVm,Server,Arguments,BuildConfiguration,Clock,EngineFactory,NuGetReferences,Toolchain,IsMutator,InvocationCount,IterationCount,IterationTime,LaunchCount,MaxIterationCount,MaxWarmupIterationCount,MemoryRandomization,MinIterationCount,MinWarmupIterationCount,RunStrategy,UnrollFactor,WarmupCount,EntityCount,Mean,Error,StdDev,Median,Ratio,RatioSD,Rank,Gen0,Allocated,Alloc Ratio
InMemory_Insert,Job-CNUJVU,False,Default,Default,Default,Default,Default,Default,11111111111111111111111111111111,Empty,RyuJit,Default,X64,8c5e7fda-e8bf-4a96-9a85-a6e23a8c635c,.NET 9.0,False,True,False,True,Default,Default,False,False,False,Default,Default,Default,Default,Default,Default,Default,1,Default,Default,Default,Default,Default,Default,Default,Default,Default,1,Default,10,1.639 ms,0.0916 ms,0.2642 ms,1.686 ms,1.03,0.26,1,0.0000,70.66 KB,1.00
Markdown_Insert,Job-CNUJVU,False,Default,Default,Default,Default,Default,Default,11111111111111111111111111111111,Empty,RyuJit,Default,X64,8c5e7fda-e8bf-4a96-9a85-a6e23a8c635c,.NET 9.0,False,True,False,True,Default,Default,False,False,False,Default,Default,Default,Default,Default,Default,Default,1,Default,Default,Default,Default,Default,Default,Default,Default,Default,1,Default,10,5.874 ms,0.1722 ms,0.4914 ms,5.916 ms,3.69,0.76,2,0.0000,748.84 KB,10.60
Sqlite_Insert,Job-CNUJVU,False,Default,Default,Default,Default,Default,Default,11111111111111111111111111111111,Empty,RyuJit,Default,X64,8c5e7fda-e8bf-4a96-9a85-a6e23a8c635c,.NET 9.0,False,True,False,True,Default,Default,False,False,False,Default,Default,Default,Default,Default,Default,Default,1,Default,Default,Default,Default,Default,Default,Default,Default,Default,1,Default,10,10.177 ms,0.7160 ms,2.1112 ms,9.825 ms,6.40,1.80,3,0.0000,227.77 KB,3.22
InMemory_Insert,Job-CNUJVU,False,Default,Default,Default,Default,Default,Default,11111111111111111111111111111111,Empty,RyuJit,Default,X64,8c5e7fda-e8bf-4a96-9a85-a6e23a8c635c,.NET 9.0,False,True,False,True,Default,Default,False,False,False,Default,Default,Default,Default,Default,Default,Default,1,Default,Default,Default,Default,Default,Default,Default,Default,Default,1,Default,100,7.332 ms,0.5664 ms,1.6342 ms,7.110 ms,1.06,0.38,1,0.0000,380.82 KB,1.00
Markdown_Insert,Job-CNUJVU,False,Default,Default,Default,Default,Default,Default,11111111111111111111111111111111,Empty,RyuJit,Default,X64,8c5e7fda-e8bf-4a96-9a85-a6e23a8c635c,.NET 9.0,False,True,False,True,Default,Default,False,False,False,Default,Default,Default,Default,Default,Default,Default,1,Default,Default,Default,Default,Default,Default,Default,Default,Default,1,Default,100,17.493 ms,1.4277 ms,4.1871 ms,16.284 ms,2.53,0.93,2,0.0000,3540.79 KB,9.30
Sqlite_Insert,Job-CNUJVU,False,Default,Default,Default,Default,Default,Default,11111111111111111111111111111111,Empty,RyuJit,Default,X64,8c5e7fda-e8bf-4a96-9a85-a6e23a8c635c,.NET 9.0,False,True,False,True,Default,Default,False,False,False,Default,Default,Default,Default,Default,Default,Default,1,Default,Default,Default,Default,Default,Default,Default,Default,Default,1,Default,100,29.453 ms,2.7333 ms,7.8863 ms,28.152 ms,4.26,1.66,3,0.0000,1373.11 KB,3.61
InMemory_Insert,Job-CNUJVU,False,Default,Default,Default,Default,Default,Default,11111111111111111111111111111111,Empty,RyuJit,Default,X64,8c5e7fda-e8bf-4a96-9a85-a6e23a8c635c,.NET 9.0,False,True,False,True,Default,Default,False,False,False,Default,Default,Default,Default,Default,Default,Default,1,Default,Default,Default,Default,Default,Default,Default,Default,Default,1,Default,1000,11.294 ms,2.4047 ms,6.3769 ms,9.412 ms,1.20,0.82,1,0.0000,3449.7 KB,1.00
Markdown_Insert,Job-CNUJVU,False,Default,Default,Default,Default,Default,Default,11111111111111111111111111111111,Empty,RyuJit,Default,X64,8c5e7fda-e8bf-4a96-9a85-a6e23a8c635c,.NET 9.0,False,True,False,True,Default,Default,False,False,False,Default,Default,Default,Default,Default,Default,Default,1,Default,Default,Default,Default,Default,Default,Default,Default,Default,1,Default,1000,82.292 ms,9.2306 ms,27.2166 ms,85.669 ms,8.77,4.26,3,1000.0000,33444.43 KB,9.69
Sqlite_Insert,Job-CNUJVU,False,Default,Default,Default,Default,Default,Default,11111111111111111111111111111111,Empty,RyuJit,Default,X64,8c5e7fda-e8bf-4a96-9a85-a6e23a8c635c,.NET 9.0,False,True,False,True,Default,Default,False,False,False,Default,Default,Default,Default,Default,Default,Default,1,Default,Default,Default,Default,Default,Default,Default,Default,Default,1,Default,1000,64.556 ms,5.0448 ms,14.2291 ms,62.957 ms,6.88,2.83,2,0.0000,12275.67 KB,3.56
